id;passport_no;passport_exp_date;telephone_no;nationality;marital_status;religion;is_spous_employed;last_modified;last_modified_by;status;employee_id;company_id;personal_id_no;blood_group;date_of_birth
1;bypass;2023-02-08T06:42:36;Chile Books Accounts;Maryland Small Solutions;Visionary;Designer aggregate;true;2023-02-08T06:23:57;drive;U.S. withdrawal;3124;26030;deposit Avon;harness;2023-02-08
2;engine;2023-02-08T23:33:32;Networked Sleek quantifying;Quality-focused lime Plastic;firewall;lavender Market neural;true;2023-02-08T06:28:31;capacitor Unbranded;Borders;53009;67939;transmit schemas Account;Account Brunei;2023-02-08
3;National;2023-02-09T01:02:21;engineer;Optimization Hawaii;array;invoice Refined;true;2023-02-09T03:33:27;haptic;Shirt;20520;46480;PNG next-generation;invoice;2023-02-08
4;Investment;2023-02-08T06:55:42;Oklahoma B2C;Avon enterprise Account;Tuna Savings;strategic olive Arkansas;true;2023-02-08T13:01:12;Dakota Licensed Forint;Loan Small;27723;36119;Bangladesh Belarus Wooden;Analyst firewall;2023-02-08
5;withdrawal;2023-02-08T19:36:06;efficient Future visionary;connecting Exclusive projection;facilitate Directives;synthesizing e-tailers;false;2023-02-08T13:12:32;Wooden Card;Connecticut Computers;56119;35129;hack;Interactions Uruguay;2023-02-08
6;copy Designer logistical;2023-02-08T06:52:17;Tools;dedicated Buckinghamshire;aggregate Stream;Fresh Multi-lateral syndicate;false;2023-02-09T00:05:45;Arab turquoise;maximize Hat;86863;20249;International;PNG applications compressing;2023-02-08
7;withdrawal Account compelling;2023-02-08T14:48:19;connecting Borders payment;bus alarm;Illinois;programming Kansas Account;false;2023-02-08T22:34:33;Buckinghamshire;knowledge tertiary;31536;20848;Won generating;Kansas;2023-02-08
8;SDD;2023-02-08T13:05:15;Polarised;model Strategist;solutions;Denmark Reduced;true;2023-02-08T18:47:19;alarm transmitter;Cuban;52225;64713;PCI Pizza New;Pine Dinar;2023-02-08
9;Estonia Vision-oriented;2023-02-08T08:33:50;Chips Vision-oriented;District auxiliary Dakota;utilize;e-tailers sensor;false;2023-02-08T23:58:51;Buckinghamshire;Plastic;71972;91081;Vietnam calculating;quantify;2023-02-08
10;indexing;2023-02-08T14:43:56;Coordinator purple;Consultant enhance upward-trending;circuit;SDD web-readiness;true;2023-02-08T07:32:55;Mission Gorgeous Rwanda;payment Tuna;67348;63204;Brand;Republic;2023-02-09
